StateCount, 0AvgG, 1AvgG, 0AvgE, 1AvgE, 0AvgB, 1AvgB, 0VarG, 1VarG, 0VarE, 1VarE, 0VarB, 1VarB
50,0.008145131432802665,0.008137726767863755,0.03769772716142968,0.037690721664472016
101,0.005923731951129212,0.005923731951129212,0.02366001239875228,0.023660187335973106
501,0.18715290633098852,0.18714550166604962,0.276527114547196,0.27652426968253196
1001,1.1153202517586078,1.11530544242873,0.5081711260291557,0.5081690935138209
5001,5.865294335431321,5.8652128841169935,1.7258582777374627,1.7256758289490022
10001,12.294424287301,12.294298407997038,3.9081007744473313,3.907965753254767
50001,59.73763050721955,59.736919659385414,26.789494640925223,26.779956032825954
100001,112.48168085894113,112.48074046649388,35.319455741582836,35.318156484023
