StateCount, 0AvgG, 1AvgG, 0AvgE, 1AvgE, 0AvgB, 1AvgB, 0VarG, 1VarG, 0VarE, 1VarE, 0VarB, 1VarB
50,0.8175,0.8,1.35,1.345,3.1025,3.0775,0.9365350877192983,0.842849733040201,0.24812030075187969,0.2476821608040201,1.595983709273183,1.4804572707286432
101,5.505,5.495,136.7,136.3525,145.5125,145.145,3.8646365914786966,3.868655716080402,101.17794486215539,101.41886934673367,107.61889097744361,107.88373076319095
501,24.7825,24.7125,716.2725,714.56,744.64,742.8425,7.057838345864662,7.049560788316583,2748.5746804511273,2753.0234377983666,2781.734736842105,2787.0722371859297
1001,36.3025,36.2025,1434.4725,1431.06,1474.395,1470.87,10.241597744360902,10.23297988379397,6599.934078947369,6604.390123728016,6696.425037593985,6702.831341645729
5001,92.3525,91.7175,6994.88,6978.28,7090.9525,7073.705,113.76766290726816,48.400460411432164,133484.62215538847,133503.57895879398,133728.60676065163,133972.03099307476
10001,145.025,143.57,283.65,282.035,429.505,426.425,127.60238693467336,20.627143308080814,475.45477386934675,470.0357449494949,680.7939447236181,508.5737877525253
50001,777.4,660.6,69988.9,63092.0,70771.6,63757.6,18964.48888888889,2264.004999999998,6051661.877777779,6678095.111250002,5985884.044444445,6684254.729999999
100001,1365.2,1156.3,138557.9,124481.9,139927.5,125642.0,65022.177777777775,7664.145000000009,2.6655504766666666E7,2.9381287311249997E7,2.7053625611111112E7,2.936404678125E7
