StateCount, 0AvgG, 1AvgG, 0AvgE, 1AvgE, 0AvgB, 1AvgB, 0VarG, 1VarG, 0VarE, 1VarE, 0VarB, 1VarB
50,0.015,0.01,1.2375,1.235,1.9675,1.955,0.03486215538847117,0.02504968592964824,0.19157268170426064,0.19191229585427133,0.4124749373433584,0.39040563756281405
101,0.875,0.875,137.605,137.27,141.8425,141.5,0.34022556390977443,0.33915672110552764,95.41751879699247,95.62460797738694,102.34355263157894,102.54177812500001
501,4.93,4.9275,722.835,721.0675,731.205,729.425,0.7219047619047618,0.684912311557789,2934.353659147869,2941.0963888819097,2948.308746867168,2954.7898441582915
1001,9.3175,9.31,1438.2875,1434.695,1451.135,1447.525,1.6107205513784462,1.5144891802763818,6026.611372180451,6041.7494468435925,6037.8012781954885,6052.843723052764
5001,28.745,28.6775,7114.205,7096.9375,7146.6525,7129.3125,22.51125313283208,22.560163253768845,101330.32378446114,101477.04843712311,101842.93407894736,101987.32719031093
10001,24.6,24.37,296.49,295.105,321.92,320.3,8.22110552763819,5.949696969696971,727.4069346733669,729.1622217171716,764.3352763819096,768.1737050505051
50001,153.2,139.4,70733.8,63142.3,70890.5,63285.0,150.6222222222222,140.57000000000005,1.029700151111111E7,8228522.520000003,1.0294022277777778E7,8246767.53125
100001,285.0,257.9,140048.6,125853.1,140337.9,126115.0,96.88888888888889,84.5,1.715711182222222E7,1.8847455680000003E7,1.7159059655555557E7,1.8856909711249996E7
