StateCount, 0AvgG, 1AvgG, 0AvgE, 1AvgE, 0AvgB, 1AvgB, 0VarG, 1VarG, 0VarE, 1VarE, 0VarB, 1VarB
50,0.0,0.0,1.4575,1.455,1.9375,1.93,0.0,0.0,0.2889160401002506,0.2891160646984925,0.44470551378446116,0.4429864164572864
101,0.045,0.045,147.245,146.935,150.69,150.355,0.0731578947368421,0.07333662060301507,121.2881954887218,120.23532657035175,121.09664160401002,120.7010148241206
501,2.07,2.065,742.82,741.14,748.4225,746.725,0.30586466165413534,0.30662085427135677,3321.2206516290726,3316.9637376884425,3323.8385902255636,3320.0806884265075
1001,4.1475,4.1375,1442.6925,1439.02,1450.4325,1446.7375,0.6674122807017544,0.6690345320351759,5404.429016290726,5416.269077748115,5417.383903508772,5429.085955888819
5001,18.72,18.675,-208850.57,-208868.245,-208828.15,-208845.885,16.98406015037594,17.025431155778893,1.8662551025600934E13,1.8709324717392523E13,1.866255683762627E13,1.8709330542306586E13
10001,24.125,23.9,13966.92,13894.87,13994.59,13922.28,27.064698492462313,25.0005523989899,398944.5664321608,399967.9234020202,401409.64010050247,402333.567029798
50001,84.6,72.5,70325.6,63372.2,70414.8,63448.7,474.2666666666667,367.92999999999995,7241451.822222223,8068304.4799999995,7269304.844444444,8106941.145
100001,148.9,133.6,138997.8,125176.6,139152.1,125314.9,41.65555555555555,44.761250000000004,1.371200128888889E7,1.5348816245000003E7,1.368965498888889E7,1.5324792361249998E7
