StateCount, 0AvgG, 1AvgG, 0AvgE, 1AvgE, 0AvgB, 1AvgB, 0VarG, 1VarG, 0VarE, 1VarE, 0VarB, 1VarB
50,0.0125,0.0075,1.56,1.515,2.47,2.385,0.01738721804511278,0.007505888819095478,1.5402506265664162,0.8650412060301507,4.304862155388472,1.817836934673367
101,0.055,0.055,143.6825,143.1475,147.0975,146.54,0.05210526315789474,0.05222858040201005,427.5856578947368,416.23649923052767,435.271171679198,421.8894673209799
501,2.0325,2.03,731.915,728.7125,737.5225,734.305,0.5177380952380952,0.5163604114321607,5288.268446115288,4544.032092399498,5339.804003759398,4594.613755009423
1001,4.37,4.3675,1453.03,1446.53,1461.22,1454.705,1.1058646616541354,1.0801082914572864,12120.590576441102,8845.666982663317,12123.545463659148,8861.239677386935
5001,20.1825,20.1625,7224.115,7204.33,7248.1,7228.2825,6.936535087719299,6.58106581344221,131048.60328320802,130182.03868536431,131463.75939849624,130636.0170603015
10001,25.375,25.23,14019.515,13946.915,14048.365,13975.595,30.627512562814072,30.71583017676768,352454.6731407035,352969.67030189396,353668.6952512563,354163.6545544192
50001,86.7,74.6,69892.1,63090.5,69982.9,63168.7,266.4555555555556,152.70125000000004,5968704.1,6274823.211249998,5965100.544444445,6287124.011250003
100001,155.3,139.1,139068.2,125424.4,139228.7,125568.2,10.233333333333333,5.901250000000019,1.6017710177777776E7,1.7155179944999993E7,1.6004121344444444E7,1.7144161301249992E7
