StateCount, 0AvgG, 1AvgG, 0AvgE, 1AvgE, 0AvgB, 1AvgB, 0VarG, 1VarG, 0VarE, 1VarE, 0VarB, 1VarB
50,0.0075,0.0075,1.3675,1.3625,1.75,1.74,0.012474937343358396,0.012506140075376884,0.24305137844611527,0.2426568938442211,0.3433583959899749,0.33150125628140703
101,0.045,0.045,151.515,151.115,155.1625,154.75,0.0430827067669173,0.04318586683417085,653.7691979949875,655.2309416457286,668.828164160401,670.2654801350502
501,1.2525,1.2475,721.07,719.365,726.0575,724.335,0.2794423558897243,0.27874056218592963,592.1454636591479,589.7979273869346,590.5004448621554,588.5337165672111
1001,2.9825,2.975,1452.62,1449.09,1458.9775,1455.4275,0.1225,0.1228070194723618,5423.033182957394,5432.513205025125,5441.575933583959,5451.431035160176
5001,13.5375,13.525,7079.61,7061.58,7096.8325,7078.78,6.334429824561403,6.167207521984925,100835.08561403508,101044.40213040201,100931.51322681706,101146.37238553705
10001,6.6,6.545,291.07,289.52,298.625,297.01,0.7236180904522613,0.6294949494949496,572.2764824120603,573.356944949495,570.2456030150754,570.1249210858585
50001,56.9,50.1,70072.9,63320.9,70134.7,63375.1,99.21111111111111,96.21124999999999,5329432.766666667,5180949.561250003,5343940.9,5206308.801250001
100001,102.2,91.7,139376.5,125824.6,139483.9,125921.0,10.177777777777779,10.470000000000002,1.9896941833333332E7,2.052402128125E7,1.989683832222222E7,2.0526411361250006E7
