StateCount, 0AvgG, 1AvgG, 0AvgE, 1AvgE, 0AvgB, 1AvgB, 0VarG, 1VarG, 0VarE, 1VarE, 0VarB, 1VarB
50,0.0,0.0,1.255,1.2525,1.565,1.56,0.0,0.0,0.2105012531328321,0.21086677135678392,0.3366165413533835,0.3369868718592965
101,0.0525,0.0525,138.5075,138.1725,141.82,141.4725,0.0799436090225564,0.08013754711055276,79.58390350877193,79.7328139290201,82.39859649122808,82.5856472361809
501,2.045,2.04,744.0925,742.4075,749.7125,748.01,0.26864661654135336,0.2693165201005025,3743.4174874686714,3740.4789420697234,3765.348214285714,3762.9460548837937
1001,4.1675,4.1575,1447.485,1444.0325,1455.4175,1451.94,0.5558333333333333,0.5571594064070352,5728.531102756892,5731.81822807789,5744.524505012532,5748.531817069724
5001,19.2325,19.1875,7142.6975,7125.1975,7165.635,7148.0775,15.963352130325816,15.99964433103015,122888.13633458647,123145.73824370289,123191.99175438596,123450.40192657035
10001,12.515,12.21,314.625,312.43,328.5,325.985,24.271130653266333,12.521008964646464,1869.6425879396984,1800.958254419192,2112.070351758794,1968.9482323232323
50001,83.1,73.3,70556.1,63136.1,70643.7,63213.3,47.65555555555555,25.861249999999977,7045340.322222222,6266256.961250005,7069837.122222222,6278842.251249998
100001,149.6,134.9,140406.4,125661.8,140561.5,125801.5,11.155555555555555,11.705000000000002,2.2597635599999998E7,1.922784402999999E7,2.2591436055555556E7,1.922280528125E7
