StateCount, 0AvgG, 1AvgG, 0AvgE, 1AvgE, 0AvgB, 1AvgB, 0VarG, 1VarG, 0VarE, 1VarE, 0VarB, 1VarB
50,0.0,0.0,1.485,1.48,1.945,1.935,0.0,0.0,0.9321052631578947,0.9337808417085427,1.3403258145363408,1.3330828517587938
101,0.045,0.045,146.2,145.7975,149.61,149.1975,0.0731578947368421,0.07333662060301507,790.7017543859649,792.1380904522614,803.9928822055138,805.4178590452261
501,2.0525,2.045,723.14,721.3075,728.615,726.7625,0.1801942355889724,0.1783913159547739,2843.970325814536,2850.8717095477386,2852.868947368421,2859.651562248744
1001,4.205,4.195,1444.5275,1440.9375,1452.355,1448.7425,0.7297994987468671,0.7315275753768844,5064.350119047619,5076.891907647613,5066.91626566416,5079.511291394472
5001,18.765,18.74,7129.49,7109.8175,7151.995,7132.285,11.247894736842104,11.083127575376885,104642.46606516291,103531.32894447236,104813.55385964912,103730.59464817839
10001,25.085,24.935,13993.525,13924.15,14022.105,13952.55,22.098266331658294,22.087867550505052,339406.37123115576,341049.5944412879,341726.1145477387,343389.6589594697
50001,83.6,71.2,-8569104.4,-8576330.6,-8569016.0,-8576255.4,487.37777777777774,344.2799999999999,7.464816555569551E14,8.304577108441934E14,7.464821816834806E14,8.304582085454032E14
100001,138.7,125.0,139405.0,125293.5,139548.6,125422.8,92.67777777777778,103.90125,1.7583779555555556E7,1.94162395E7,1.7625426266666666E7,1.9463348505000003E7
