StateCount, 0AvgG, 1AvgG, 0AvgE, 1AvgE, 0AvgB, 1AvgB, 0VarG, 1VarG, 0VarE, 1VarE, 0VarB, 1VarB
50,0.015,0.01,1.25,1.245,1.8575,1.845,0.024837092731829574,0.014999434673366835,0.20300751879699247,0.2021042713567839,0.4082142857142857,0.38442762248743717
101,0.5325,0.5325,140.3975,140.07,144.465,144.1275,0.26460526315789473,0.2645576476130653,76.71628446115288,76.6871469692211,77.63285714285713,77.60282355527637
501,3.0425,3.0325,719.32,717.6275,726.04,724.3225,0.1761340852130326,0.17427309987437184,429.1254135338346,425.70366231155776,429.4770927318296,426.7267296482412
1001,5.5775,5.56,1455.34,1451.9575,1464.9675,1461.555,0.9162844611528821,0.9135024968592965,6803.688621553884,6794.468051256281,6799.851071428572,6791.826825235553
5001,21.66,21.5425,7091.1425,7072.9975,7116.8325,7098.5575,17.783859649122807,16.215186934673365,150870.34806390977,151179.4659602858,151583.14731203008,151870.25651870287
10001,15.235,15.03,294.66,293.125,310.85,309.1,5.627914572864321,2.303635227272727,364.89889447236186,365.9727494949495,385.5753768844221,379.78170454545455
50001,95.1,86.4,69931.7,63235.3,70031.4,63325.8,195.2111111111111,211.41125000000002,9358573.122222222,9427489.351250002,9403580.044444446,9472401.905000005
100001,168.0,150.1,139004.5,125072.9,139177.9,125227.6,102.66666666666667,100.375,2.0829288055555556E7,2.342082003125E7,2.07811821E7,2.336561861125E7
