StateCount, 0AvgG, 1AvgG, 0AvgE, 1AvgE, 0AvgB, 1AvgB, 0VarG, 1VarG, 0VarE, 1VarE, 0VarB, 1VarB
50,0.0,0.0,0.0,0.0,0.0025,0.0,0.0,0.0,0.0,0.0,0.0025,6.265703517587941E-6
101,0.0,0.0,0.0,0.0,1.7225,1.71,0.0,0.0,0.0,0.0,0.852625313283208,0.8277776224874371
501,0.135,0.1325,0.0,0.0,2.3525,2.3375,0.11706766917293233,0.11548184673366835,0.0,0.0,1.271422305764411,1.2411890546482414
1001,0.27,0.2675,0.0,0.0,2.3825,2.365,0.2376942355889724,0.23695251256281405,0.0,0.0,1.429768170426065,1.379789431532663
5001,1.845,1.8075,0.0,0.0,3.72,3.6675,2.3668922305764415,1.9380300879396988,0.0,0.0,3.9464661654135336,3.2061346733668334
10001,4.17,4.125,0.0,0.0,4.555,4.5,0.5639195979899497,0.44894494949494956,0.0,0.0,0.8210804020100503,0.6154392676767676
50001,27.3,22.3,0.0,0.0,29.9,24.2,68.01111111111112,12.101250000000004,0.0,0.0,94.76666666666667,14.81124999999999
100001,43.9,38.3,0.0,0.0,57.0,50.8,103.21111111111111,97.81124999999999,0.0,0.0,1664.6666666666667,1869.625
