StateCount, 0AvgG, 1AvgG, 0AvgE, 1AvgE, 0AvgB, 1AvgB, 0VarG, 1VarG, 0VarE, 1VarE, 0VarB, 1VarB
50,0.0,0.0,1.31,1.3075,1.575,1.5675,0.0,0.0,0.23448621553884713,0.23483391959798994,0.36027568922305764,0.3560788316582914
101,0.01,0.01,145.5025,145.1975,148.9025,148.585,0.009924812030075189,0.009949497487437186,121.69422932330826,120.61213566268844,124.50926691729323,123.61677887876884
501,2.0525,2.0375,721.4975,719.7025,727.0325,725.205,0.2854573934837093,0.24702196922110553,2298.6566353383455,2304.401419582286,2311.374880952381,2317.1428051350504
1001,4.105,4.095,1450.7375,1447.2775,1458.5125,1455.03,0.16438596491228072,0.16477129396984924,5552.214129072681,5554.973727622487,5575.293076441103,5578.517713175251
5001,19.2125,19.1425,7069.8225,7052.0575,7092.835,7074.9875,11.907111528822055,11.743008401381909,109306.98846491228,109578.34066832601,109506.87997493734,109776.66809742461
10001,11.215,11.115,288.29,286.865,300.41,298.88,1.687211055276382,1.305953409090909,381.33256281407034,383.20381767676764,386.2732663316583,388.0663227272728
50001,75.8,67.8,69707.0,62964.3,69787.2,63035.5,97.95555555555555,107.99499999999999,6254811.555555556,6386863.0,6288286.400000001,6430096.195000002
100001,146.1,131.2,139380.0,126012.9,139531.4,126148.9,6.544444444444444,6.311249999999996,1.4817347333333334E7,1.2595430625E7,1.4806712266666668E7,1.2587176180000007E7
