StateCount, 0AvgG, 1AvgG, 0AvgE, 1AvgE, 0AvgB, 1AvgB, 0VarG, 1VarG, 0VarE, 1VarE, 0VarB, 1VarB
50,0.005,0.0,1.2875,1.2825,1.655,1.6425,0.01,2.5062814070351763E-5,0.22039473684210525,0.21967297424623117,0.37691729323308265,0.3497511934673367
101,0.0225,0.0225,140.7325,140.435,144.04,143.7275,0.05713659147869674,0.05727887876884423,93.49468045112782,92.54290438128142,96.33924812030075,95.67044824120603
501,2.06,2.055,727.565,725.86,733.055,731.3325,0.22195488721804513,0.22250351758793968,513.0082957393483,509.08075571608043,517.2902005012531,513.7134346105528
1001,4.125,4.115,1448.615,1444.9,1456.375,1452.6375,0.45050125313283207,0.4515939070351759,5736.538120300752,5747.4398788316585,5760.305137844612,5771.029797424623
5001,19.0475,18.95,7129.48,7112.4175,7152.295,7135.1175,14.115532581453634,13.150741818467337,92515.36802005011,92514.88384321607,92675.86263157894,92709.9053089824
10001,11.07,10.955,292.235,290.525,304.17,302.335,2.467437185929648,1.7610863636363638,575.3264070351759,565.7242412878787,593.2875376884422,576.3465207070708
50001,74.9,67.0,70048.7,63115.6,70127.7,63186.0,80.32222222222222,88.26125,7923494.899999999,8849545.10125,7967440.899999999,8900234.201250002
100001,143.1,129.0,140243.8,125495.7,140392.3,125629.5,11.433333333333332,12.311250000000003,2.014904951111111E7,1.6120547719999978E7,2.0140819344444443E7,1.611400245124998E7
