StateCount, 0AvgG, 1AvgG, 0AvgE, 1AvgE, 0AvgB, 1AvgB, 0VarG, 1VarG, 0VarE, 1VarE, 0VarB, 1VarB
50,0.0025,0.0025,1.205,1.2025,1.6825,1.675,0.0025,0.002506265703517588,0.17340852130325815,0.17373863065326633,0.43277568922305765,0.4295017430904523
101,0.08,0.0775,142.015,141.6675,145.5225,145.155,0.0737844611528822,0.07184321608040202,617.7190726817042,619.2482908919599,631.9944799498746,633.5769208385677
501,3.0625,3.055,721.815,720.095,728.4375,726.6975,0.17904135338345864,0.1794813913316583,443.87045112781954,442.1127029522613,445.499843358396,443.9754926978643
1001,6.29,6.275,1430.955,1426.8825,1440.775,1436.67,0.958295739348371,0.9604922110552765,4815.3764160401,4728.928060238693,4817.478070175439,4727.8448476758795
5001,23.105,23.035,7116.9075,7099.7025,7143.79,7126.4975,20.064135338345864,20.05434415829146,104372.83603383458,104496.43227121545,105075.42446115288,105210.20265301508
10001,14.705,14.545,300.085,298.615,315.675,314.035,6.008015075376885,4.527666540404041,636.8319346733668,639.8612513888888,657.4667085427136,660.0200473484848
50001,95.7,84.6,70478.6,63167.3,70579.5,63255.9,99.56666666666666,82.75125000000001,8426087.822222224,8611840.880000005,8453318.5,8627859.28125
100001,177.1,159.0,139396.6,125695.0,139579.0,125858.4,20.544444444444444,21.211249999999993,1.8726240711111113E7,2.0358613754999995E7,1.8698944888888888E7,2.0332421875E7
