StateCount, 0AvgG, 1AvgG, 0AvgE, 1AvgE, 0AvgB, 1AvgB, 0VarG, 1VarG, 0VarE, 1VarE, 0VarB, 1VarB
50,0.005,0.0025,1.1225,1.12,1.6375,1.63,0.004987468671679198,0.0025125,0.11277568922305763,0.113021341080402,0.3269110275689223,0.3230680747487437
101,0.14,0.14,144.505,144.1325,148.0375,147.655,0.1708270676691729,0.1712070351758794,385.5488471177945,386.466796419598,388.71287593984954,389.6276660646984
501,3.09,3.0825,738.2375,736.4875,744.9675,743.195,0.3427568922305764,0.3435977386934673,2484.0462092731827,2486.613897220477,2487.034028822055,2490.0324533762564
1001,6.4275,6.41,1434.465,1431.085,1444.565,1441.155,1.0924749373433584,1.094396341080402,2774.3346115288223,2764.2186778266328,2778.6774686716794,2769.3507305904523
5001,23.4325,23.3125,7113.315,7095.7,7140.4575,7122.705,22.120745614035087,20.659837798366837,106920.83786967419,107178.097991897,107381.35157268171,107647.24216882852
10001,15.59,15.345,295.705,293.955,312.27,310.265,9.800904522613065,4.212888383838384,436.3095226130653,423.62448472222223,478.5297487437186,441.1838742424242
50001,101.1,89.5,70497.5,63450.8,70602.8,63543.9,183.65555555555557,178.86124999999998,6266609.611111111,7049819.53125,6306093.955555555,7094331.895
100001,188.1,168.9,139072.5,125504.0,139265.9,125677.5,52.32222222222222,56.96124999999999,1.6048403611111112E7,1.662005953125E7,1.6005642322222224E7,1.6576691661250005E7
