StateCount, 0AvgG, 1AvgG, 0AvgE, 1AvgE, 0AvgB, 1AvgB, 0VarG, 1VarG, 0VarE, 1VarE, 0VarB, 1VarB
50,0.0025,0.0025,1.235,1.23,1.595,1.585,0.0025,0.002506265703517588,0.18523809523809523,0.1842331030150754,0.3167669172932331,0.3030300879396985
101,0.0125,0.0125,141.4575,141.0925,144.655,144.275,0.042449874686716786,0.04255614007537688,101.42676065162907,101.62975676821608,103.86062656641604,103.98603260050251
501,1.115,1.1125,706.7,705.05,711.69,710.0125,0.19225563909774435,0.1927054648241206,502.8070175438597,498.59072864321604,504.42997493734333,501.5373967336683
1001,3.1075,3.1,1451.49,1448.1375,1458.255,1454.8825,0.45207393483709274,0.4531807631909548,6065.062556390977,6049.627939447237,6097.714260651628,6083.043555213568
5001,15.2425,15.1475,7147.5425,7129.4175,7166.5525,7148.3125,10.038790726817043,8.762747974246231,104241.23628446115,104476.77321154208,104602.68395363408,104823.4026187029
10001,8.53,8.345,303.315,301.72,312.845,311.05,9.24532663316583,5.1983792929292925,613.4731407035176,615.3289685606061,668.9256030150755,661.5450049242424
50001,62.7,56.7,70227.4,63352.1,70294.1,63412.3,91.34444444444445,101.85125,6724774.266666667,7293639.130000003,6735395.655555556,7304961.211249998
100001,115.4,103.9,138752.8,125397.6,138873.5,125506.1,27.37777777777778,30.779999999999998,2.0487259733333334E7,1.9667127120000016E7,2.0473190277777776E7,1.965298903125E7
