StateCount, 0AvgG, 1AvgG, 0AvgE, 1AvgE, 0AvgB, 1AvgB, 0VarG, 1VarG, 0VarE, 1VarE, 0VarB, 1VarB
50,0.6625,0.6475,1.3375,1.335,2.8375,2.8175,0.5650062656641605,0.4948457129396985,0.23417919799498746,0.2344813913316583,0.9785401002506265,0.9140354114321608
101,1.2075,1.2025,2.5775,2.57,4.6975,4.6825,0.1798934837092732,0.1787674466080402,0.4250563909774436,0.4256758636934673,0.7328258145363408,0.7304045069095477
501,6.865,6.8375,14.05,14.01,21.74,21.67,1.4052882205513786,1.3658587311557788,2.979949874686717,2.977883165829146,5.506165413533835,5.421538693467336
1001,34.78,34.5325,1302.9875,1300.0475,1341.23,1338.0175,42.507869674185464,32.25234070351759,1270.1527255639098,1232.8269154365578,1267.9219047619047,1263.1633846733669
5001,90.545,89.315,6919.335,6886.2,7013.625,6979.235,155.64620603015075,34.380494823232326,93607.21886934673,93648.36769078282,93788.98932160804,94169.77138573233
10001,153.43,152.245,13041.32,12973.88,13198.17,13129.525,169.53276381909546,135.11654090909093,732982.3895477387,735676.6287757575,734106.4232160804,736390.8976318182
