StateCount, 0AvgG, 1AvgG, 0AvgE, 1AvgE, 0AvgB, 1AvgB, 0VarG, 1VarG, 0VarE, 1VarE, 0VarB, 1VarB
50,0.01,0.005,1.125,1.1225,1.61,1.6,0.01493734335839599,0.005024874371859296,0.11466165413533834,0.11491048994974874,0.383859649122807,0.37047211055276386
101,0.0075,0.0075,2.9225,2.9125,3.665,3.6525,0.012474937343358396,0.012506140075376884,0.7032518796992481,0.7021017430904523,0.7747117794486216,0.7721803391959798
501,1.0925,1.09,14.8325,14.79,16.5125,16.4625,0.08916666666666667,0.08936920540201006,3.4129761904761904,3.409747346105527,4.105106516290727,4.0848614164572865
1001,9.0225,9.015,1337.075,1334.0675,1349.535,1346.515,3.45062030075188,3.368158275753769,1556.6359649122808,1515.381016017588,1579.6178195488721,1533.2546577261305
5001,29.765,29.62,6937.46,6904.275,6971.045,6937.7,18.68319095477387,18.774594823232324,84011.02351758794,83979.38115353535,84166.6562562814,84130.97683320707
10001,37.22,37.08,13635.865,13568.275,13676.41,13608.665,30.433768844221103,30.158139393939393,391527.6248994975,393434.8747311869,392643.7607035176,394544.8235954545
