StateCount, 0AvgG, 1AvgG, 0AvgE, 1AvgE, 0AvgB, 1AvgB, 0VarG, 1VarG, 0VarE, 1VarE, 0VarB, 1VarB
50,0.025,0.0225,1.7425,1.7275,2.8125,2.785,0.16478696741854637,0.1628125,0.9686152882205514,0.9255055119346735,2.3482142857142856,2.1856842807788945
101,0.0025,0.0025,2.4975,2.4875,2.925,2.9125,0.0025,0.002506265703517588,0.5162844611528822,0.5119095320351759,0.7963659147869674,0.7875486809045226
501,0.175,0.175,15.43,15.385,16.46,16.41,0.14974937343358394,0.15004868090452259,3.8747869674185464,3.867927386934673,4.404411027568922,4.383990954773869
1001,4.0525,4.0475,1281.6075,1275.95,1289.135,1283.4625,2.074931077694236,2.0695596576633166,11991.552324561404,9601.75411669284,12174.54313283208,9792.73188888191
5001,19.685,19.56,6797.55,6750.39,6820.96,6773.645,15.422889447236182,15.358109974747476,138503.89698492462,104151.25604797981,138920.7320603015,104367.9309010101
10001,25.07,25.005,13963.37,13888.2,13991.945,13916.685,35.28150753768845,34.72391464646465,349266.7468341709,345241.58597525256,350252.7859045226,346346.4029897728
