StateCount, 0AvgG, 1AvgG, 0AvgE, 1AvgE, 0AvgB, 1AvgB, 0VarG, 1VarG, 0VarE, 1VarE, 0VarB, 1VarB
50,0.0025,0.0,1.3025,1.3,1.815,1.8075,0.0025,6.265703517587941E-6,0.25663533834586466,0.2570502355527638,0.3917543859649123,0.3892104899497488
101,0.0,0.0,2.1725,2.1675,2.5125,2.505,0.0,0.0,0.1681641604010025,0.16851191896984927,0.4208959899749373,0.42135639133165825
501,0.0825,0.0825,14.6625,14.6275,15.5875,15.55,0.07588345864661654,0.0760570194723618,2.6401942355889725,2.6457251099246233,2.87453007518797,2.88088528580402
1001,4.0375,4.0275,1390.875,1387.615,1398.3275,1395.0475,1.1389411027568923,1.141799230527638,7168.375313283208,7167.423327575377,7195.4939786967425,7194.848392572237
5001,17.88,17.795,6854.835,6832.29,6876.465,6853.815,14.106130653266332,14.173462626262626,180061.24399497488,153178.00862512627,181076.13947236183,154183.09979179292
10001,23.94,23.82,13788.465,13721.205,13815.95,13748.54,30.30793969849246,30.46099191919192,243503.8882160804,244161.94474128788,244712.54020100503,245385.2166540404
