StateCount, 0AvgG, 1AvgG, 0AvgE, 1AvgE, 0AvgB, 1AvgB, 0VarG, 1VarG, 0VarE, 1VarE, 0VarB, 1VarB
50,0.0025,0.0025,1.085,1.08,1.2925,1.2875,0.0025000000000000005,0.0025062657035175885,0.08298245614035088,0.0810873743718593,0.2225,0.22180136620603016
101,0.0025,0.0025,2.5125,2.505,3.1875,3.1775,0.0025,0.002506265703517588,0.43593358395989973,0.4364317682160804,0.17277568922305764,0.17155111494974876
501,0.015,0.015,14.6725,14.635,15.47,15.43,0.019824561403508772,0.019873806532663317,4.21578320802005,4.226106140075377,4.475288220551379,4.485826884422111
1001,2.935,2.9325,1394.45,1391.185,1400.8625,1397.5825,0.6123057644110276,0.6044366206030151,6588.1328320802,6585.029139447237,6598.234179197995,6594.972094456658
5001,14.135,14.045,7028.88,6992.12,7046.77,7009.89,6.93143216080402,6.890993813131312,134759.80462311557,134913.10396767675,135282.1377889447,135417.94458131315
10001,16.71,16.625,13327.65,13261.365,13347.675,13281.28,35.50341708542714,35.682302525252524,1002626.8216080402,1007665.3842297979,1005447.436557789,1010501.6344412878
