StateCount, 0AvgG, 1AvgG, 0AvgE, 1AvgE, 0AvgB, 1AvgB, 0VarG, 1VarG, 0VarE, 1VarE, 0VarB, 1VarB
50,0.0,0.0,1.18,1.175,1.48,1.4725,0.0,0.0,0.1680200501253133,0.16675276381909546,0.3404511278195489,0.3355015075376885
101,0.0,0.0,2.16,2.155,2.4525,2.445,0.0,0.0,0.1698245614035088,0.17018693467336682,0.408765664160401,0.40903955716080403
501,0.0925,0.0925,14.6475,14.6125,15.56,15.5225,0.08916666666666667,0.08936920540201006,3.2513721804511277,3.2584880496231152,3.6605513784461152,3.6689608040201005
1001,4.0575,4.0475,1331.7925,1328.65,1339.22,1336.055,1.016735588972431,1.019281893844221,1515.443051378446,1505.1956267430905,1524.0767919799498,1514.4358582914572
5001,18.565,18.495,6926.765,6892.54,6949.12,6914.8,11.804798994974876,11.759170580808082,91200.46208542712,91627.3052513889,91500.34733668342,91925.8773010101
10001,23.52,23.38,14031.455,13962.52,14058.52,13989.415,28.642814070351758,28.68610909090909,309684.1185678392,310946.37044431816,310792.76341708546,312077.4958060606
