StateCount, 0AvgG, 1AvgG, 0AvgE, 1AvgE, 0AvgB, 1AvgB, 0VarG, 1VarG, 0VarE, 1VarE, 0VarB, 1VarB
50,0.0,0.0,1.1375,1.135,1.3775,1.3725,0.0,0.0,0.12891604010025062,0.1291924466080402,0.2706704260651629,0.27037686871859296
101,0.0025,0.0025,2.3225,2.3175,2.725,2.7175,0.0025,0.002506265703517588,0.3744298245614035,0.3751092807788945,0.6058897243107769,0.6072220477386935
501,0.1125,0.1125,14.94,14.9075,15.82,15.7825,0.10009398496240601,0.1003136777638191,3.5352380952380953,3.53466432160804,3.9524812030075185,3.9607226130653266
1001,4.27,4.26,1390.1875,1386.8225,1398.145,1394.75,1.1700250626566417,1.1727816582914574,3862.999843358396,3867.800005888819,3917.87365914787,3923.6682637562817
5001,18.995,18.82,-425046.265,-425080.48,-425023.55,-425057.975,11.814045226130652,10.579974621212122,3.732464543242342E13,3.7512211680378984E13,3.732464258007916E13,3.751220872949591E13
10001,23.885,23.725,13802.035,13723.655,13829.355,13750.755,28.39374371859297,28.20455441919192,439285.70228643215,423768.23198876256,441092.8632914573,425267.3801968434
