StateCount, 0AvgG, 1AvgG, 0AvgE, 1AvgE, 0AvgB, 1AvgB, 0VarG, 1VarG, 0VarE, 1VarE, 0VarB, 1VarB
50,0.0,0.0,1.225,1.22,1.77,1.76,0.0,0.0,0.2149122807017544,0.21394315326633165,0.3880701754385965,0.3765505025125628
101,0.0025,0.0025,2.24,2.235,2.6025,2.595,0.0025,0.002506265703517588,0.2329824561403509,0.23342311557788945,0.46064536340852125,0.4614057631909547
501,0.13,0.13,14.875,14.8375,15.8775,15.8375,0.12842105263157896,0.12870125628140705,2.6259398496240602,2.632498429648241,3.140344611528822,3.148197220477387
1001,4.2425,4.235,1330.7525,1327.6175,1338.5875,1335.435,1.6027005012531328,1.6028484767587938,1635.87593358396,1625.1848021199748,1665.5261591478697,1654.585721969221
5001,19.04,18.875,6717.73,6684.98,6740.51,6707.49,20.822512562814072,19.943426262626264,312194.8312562814,313629.48518737376,314591.2662311558,316085.9949489899
10001,25.855,25.705,14032.5,13960.435,14061.82,13989.575,28.677361809045227,28.735424116161617,453116.33165829146,454673.5845959596,455330.1583919598,456872.69276565657
