StateCount, 0AvgG, 1AvgG, 0AvgE, 1AvgE, 0AvgB, 1AvgB, 0VarG, 1VarG, 0VarE, 1VarE, 0VarB, 1VarB
50,0.01,0.0075,1.085,1.08,1.545,1.535,0.009924812030075189,0.007487185929648241,0.09802005012531328,0.09616275125628142,0.3588721804511278,0.34463059045226135
101,0.0025,0.0025,2.6225,2.6175,3.3575,3.3475,0.0025,0.002506265703517588,0.5764348370927318,0.5769095320351759,0.4157330827067669,0.415740436557789
501,0.1475,0.1475,14.4825,14.4475,15.7125,15.675,0.1310714285714286,0.1313460898241206,2.9270112781954887,2.933780637562814,3.107612781954887,3.114145336055276
1001,5.735,5.665,1404.345,1401.0575,1414.0975,1410.7225,3.187744360902256,1.9502004396984927,4012.6024812030078,4002.6277913944728,3993.596986215539,3993.3083115420854
5001,21.545,21.335,6962.21,6928.83,6987.81,6954.195,18.03816582914573,16.016100883838384,84982.26723618091,84997.75260555556,85360.61698492464,85437.56789848485
10001,25.17,25.035,12802.38,12740.005,12831.015,12768.475,56.513668341708545,56.782177272727274,1447263.3322613065,1454031.4416949495,1453480.1857035174,1460294.0316402777
