StateCount, 0AvgG, 1AvgG, 0AvgE, 1AvgE, 0AvgB, 1AvgB, 0VarG, 1VarG, 0VarE, 1VarE, 0VarB, 1VarB
50,0.005,0.0025,0.0,0.0,0.0075,0.0025,0.0049874686716791985,0.0025125,0.0,0.0,0.012474937343358396,0.002531265703517588
101,0.0025,0.0025,0.0,0.0,0.005,0.0025,0.0025000000000000005,0.002506265703517588,0.0,0.0,0.0049874686716791985,0.0025125
501,0.0025,0.0025,0.0,0.0,0.0025,0.0025,0.0025000000000000005,0.002506265703517588,0.0,0.0,0.0025000000000000005,0.002506265703517588
1001,0.2225,0.2175,0.0,0.0,2.195,2.1775,0.21352756892230573,0.2061256124371859,0.0,0.0,2.1222807017543857,2.0696029522613064
5001,1.78,1.71,0.0,0.0,3.645,3.55,1.9815075376884421,1.237331313131313,0.0,0.0,3.3859045226130657,2.2122170454545453
10001,3.535,3.495,0.0,0.0,5.5,5.43,1.9485175879396985,1.857670580808081,0.0,0.0,2.9547738693467336,2.6047979797979797
