StateCount, 0AvgG, 1AvgG, 0AvgE, 1AvgE, 0AvgB, 1AvgB, 0VarG, 1VarG, 0VarE, 1VarE, 0VarB, 1VarB
50,0.005,0.0025,1.03,1.0275,1.1625,1.155,0.0049874686716791985,0.0025125,0.02917293233082707,0.029243969849246234,0.14144736842105265,0.13331933103015076
101,0.0025,0.0025,2.7825,2.7775,3.1675,3.16,0.0025,0.002506265703517588,0.27588345864661656,0.2750381752512563,0.184906015037594,0.18530010992462312
501,0.0325,0.0325,14.43,14.395,15.44,15.4025,0.03653508771929825,0.03662423052763819,3.1128822055137846,3.120238944723618,3.229473684210526,3.2371015075376888
1001,4.18,4.145,1328.5925,1325.6125,1336.2675,1333.2375,1.2507268170426065,1.0115768844221105,1364.9738784461154,1321.5252925722364,1371.8255075187972,1336.472276240578
5001,18.575,18.445,6994.38,6961.665,7016.695,6983.82,13.91394472361809,13.70577967171717,104152.34733668342,103649.35967474747,104006.96680904522,103546.92889886364
10001,22.405,22.3,17746.31,17677.725,17772.015,17703.305,36.21203517587939,36.38495441919192,4.404746167018994E9,4.426910363119717E9,4.404769373994748E9,4.426933658606337E9
