StateCount, 0AvgG, 1AvgG, 0AvgE, 1AvgE, 0AvgB, 1AvgB, 0VarG, 1VarG, 0VarE, 1VarE, 0VarB, 1VarB
50,0.005,0.0,1.1225,1.12,1.34,1.3275,0.01,2.5062814070351763E-5,0.11277568922305765,0.113021341080402,0.3001503759398496,0.2672472361809045
101,0.0025,0.0025,2.4275,2.4225,3.115,3.1075,0.0025,0.002506265703517588,0.3656578947368421,0.3661174466080402,0.13711779448621553,0.13742908291457287
501,0.035,0.035,14.2625,14.23,15.2175,15.1825,0.03385964912280702,0.033941645728643215,2.1339285714285716,2.135285411432161,2.386159147869674,2.3884301350502515
1001,4.065,4.055,1381.3125,1377.9325,1388.915,1385.5125,1.1787218045112782,1.1816728015075377,7943.393327067669,7961.192750863694,7964.283483709273,7982.336338630653
5001,18.805,18.67,6970.275,6936.745,6992.83,6959.135,13.373844221105527,13.102206944444443,89703.2858040201,89803.59898674244,90106.22221105527,90235.90177323233
10001,23.64,23.565,13758.49,13691.785,13785.52,13718.72,32.100904522613064,31.886012121212122,344715.4973869347,345576.19232272723,346921.60763819097,347759.2558060606
