StateCount, 0AvgG, 1AvgG, 0AvgE, 1AvgE, 0AvgB, 1AvgB, 0VarG, 1VarG, 0VarE, 1VarE, 0VarB, 1VarB
50,0.005,0.0025,1.06,1.055,1.3225,1.3125,0.004987468671679198,0.0025125,0.06155388471177945,0.05948844221105528,0.25412907268170426,0.23675500942211056
101,0.005,0.005,2.67,2.665,3.4025,3.395,0.004987468671679198,0.004999937185929649,0.6126315789473684,0.6130429648241206,0.3664097744360902,0.3669233511306533
501,0.265,0.2625,14.9225,14.885,16.16,16.115,0.24037593984962405,0.23962255025125626,3.5152819548872176,3.524099230527638,3.854035087719298,3.855212060301507
1001,5.9175,5.9025,1361.2,1357.6675,1370.66,1367.0975,1.5395426065162907,1.543393702889447,8442.200501253134,8456.67025125628,8465.588370927318,8479.439508542713
5001,22.805,22.64,6914.86,6881.82,6941.41,6908.175,16.851231155778894,16.411398863636364,96385.57829145728,96396.80313333333,96697.41899497487,96748.02591868688
10001,28.765,28.62,13847.42,13779.03,13879.64,13811.08,39.64801507537688,39.84797866161616,337592.30512562813,339152.3514323232,339681.64864321606,341255.27732525254
