StateCount, 0AvgG, 1AvgG, 0AvgE, 1AvgE, 0AvgB, 1AvgB, 0VarG, 1VarG, 0VarE, 1VarE, 0VarB, 1VarB
50,0.005,0.005,1.06,1.0575,1.2675,1.2625,0.004987468671679198,0.004999937185929649,0.05654135338345865,0.05667437185929648,0.20645989974937343,0.20563051193467335
101,0.0025,0.0025,2.2375,2.2325,2.56,2.5525,0.0025,0.002506265703517588,0.23167293233082706,0.23211330087939697,0.427468671679198,0.42805628140703517
501,0.015,0.015,14.48,14.4475,15.275,15.24,0.01481203007518797,0.014848680904522613,2.5559899749373436,2.556908542713568,2.7011278195488724,2.7038300879396986
1001,2.9625,2.955,1322.8875,1319.0275,1329.3675,1325.485,0.6076127819548872,0.6091359139447237,6475.939692982456,6369.369848853643,6524.664104010025,6415.400709657663
5001,15.0,14.83,6995.105,6960.065,7013.8,6978.56,14.422110552763819,12.671717171717171,160061.74268844223,160869.29552512628,160949.75879396984,161756.7290909091
10001,18.965,18.825,13838.985,13765.28,13861.47,13787.595,25.37062814070352,25.08648371212121,415142.8389698492,413130.2721958333,416404.8232160804,414293.04423787876
