StateCount, 0AvgG, 1AvgG, 0AvgE, 1AvgE, 0AvgB, 1AvgB, 0VarG, 1VarG, 0VarE, 1VarE, 0VarB, 1VarB
50,0.005,0.0025,1.1275,1.1225,1.4925,1.4825,0.004987468671679198,0.0025125,0.12656015037593984,0.12496543655778894,0.3157330827067669,0.30072850188442213
101,0.005,0.005,2.57,2.565,3.225,3.2175,0.004987468671679198,0.004999937185929649,0.5063659147869674,0.5068218592964824,0.3201754385964912,0.3208527010050251
501,0.36,0.36,15.5425,15.495,16.915,16.8625,0.271077694235589,0.27143316582914573,5.030770676691729,5.0133748586683415,5.817318295739349,5.790006972361809
1001,6.3525,6.3375,1354.6475,1351.4225,1364.6725,1361.4175,2.3741791979949873,2.379832270728643,1509.2613972431077,1502.552759406407,1522.3811967418546,1516.3373247330403
5001,23.635,23.345,6976.45,6938.125,7003.81,6965.155,23.65002512562814,17.80505946969697,120458.54020100503,118672.46665404041,121021.85316582915,118962.34082777778
10001,31.13,30.99,13795.345,13730.215,13829.915,13764.605,40.05336683417085,40.206177272727274,380435.141683417,379367.17912108585,381939.8671105528,380890.60660492425
